Name,Column2
Philips 200V4LSB,$120
PHILIPS 200VQSBR 19.5 INCH (VGA/DVI) MONITOR,$125.90
Philips 200V4QSBR,$128.08
Philips 226V4LSB,$145.59
Philips 226V4LAB,$145.98
Philips 196V4LSB2,$149.00
"Philips 21.5"" LED Monitor (2326152)",$168.00
Philips 246V5LSB,$175
Philips 221B3LPCB,$178.40
Philips 246V5LHAB,$194.03
Philips 19S4LSB5,$194.64
Philips 220S4LCB,$196.61
Philips 238C4QHSN,$205.47
Philips 221S6QYMB,$211.07
Philips 19S4LSB,$214.41
Philips 220B4LPYCB,$235.41
Philips 19B4LCB5,$237.02
Philips 231P4QUPEB,$237.29
Philips 247E6BDAW 23.6in LED VGA/DVI/HDMI (16:9) 1920x1080 Speakers Tilt Stand (White Bezel) (LCD-PHI-247E6BD),$239.00
Philips 273V5LHAB,$266.27
Philips 220P4LPYEB,$269.85
Phillips 241B4LPYCB,$269.89
Philips 19B1CB,$276.70
"Philips 220B4LPYEB 22"""" WXSGA+ 5ms Business Monitor",$289.99
Philips 241S6QYMB,$316.37
Philips 241P6QPJKEB,$319.98
Philips 240S4LPSBN,$327.30
Philips 240S4LPMB,$335.52
"Philips 241P4QPYKEB 24"" 6ms WLED Monitor - Black (LCD-PHI-241P4QP)",$339.00
"Philips 284E5QHAD 28"" Monitor (2711289)",$344.00
Philips 278C4QHSN,$347.71
Philips 241P4QPYKEB 24' LED Full HD DP/DVI/VGA Webcam,$356.00
17 TFT LCD LED Backlit (17S4LSB),$374.00
Philips 271P4QPJKEB,$469
Philips 272S4LPJCB,$470.55
220B4LPCB Black 22 5ms Widescreen LED Backlight 20000000:1 1680x1050 Speaker,$540.00
241S4LSB 24 inch Wide LED LCD Monitor 5MS VGA,$564.00
Philips 298X4QJAB,$569
Philips C240P4QPYEW,$634.44
Philips 288P6LJEB,$658.81
Philips 272P4QPJKEB,$681.87
Philips 298P4QJEB,$699
Philips BDL3245E,$849.98
Philips C272P4QPKEW,$888.39
Philips BDM3470UP,$896.48
271P4QPJEB Black 27 6ms (GTG) HDMI Widescreen LED Backlight 20000000:1 Speake,$976.00
Philips BDM4065UC,$998.44
Philips BDL4230E,"$1,375.01"
Philips BDL4220QL,"$1,417.58"
Philips BDL4635E,"$1,516.91"
Philips 32 inch Comm Eled LCD Monitor 19X10 (BDL3250EL),"$1,681.00"
Philips 42 inch Eled Mon 19X10 (BDL4252EL),"$1,752.00"
Philips 42 inch Comm LCD LED Mon 1920X1080 (BDL4260EL),"$2,468.00"
Philips BDL5545E,"$2,554.20"
Philips BDL6520QL,"$2,719.08"
Philips 55 inch Pro LED Monitor 1920X1080 (BDL5520QL/00),"$2,969.00"
Philips BDL5551EL,"$2,985.33"
46 inch Comm LED LCD Monitor Thin Bezel (BDL4650EL),"$3,354.00"
27 Amva LCD LED Backlit (C271P4QPJEW/27),"$3,372.00"
Philips BDL6520EL,"$4,582.08"
Philips 46 inch Comm LCD Mon Zero Bezel (BDL4678XL),"$5,620.00"
55 inch LED Monitor Zero Bezel 19X10 (BDL5586XL),"$8,538.00"
Philips BDL6551V,"$9,081.60"
Philips 55 inch LED Monitor with Anti Scratch (BDL5551ATSR),"$11,569.00"
